WT amino acid,Position,Mutation,Input Count,Selection Count
Q,2,A,14663,38476
Q,2,C,13001,23023
Q,2,D,11488,18085
Q,2,E,9501,15629
Q,2,F,4770,13332
Q,2,G,12460,27778
Q,2,H,33615,71252
Q,2,I,13180,28931
Q,2,K,10166,23382
Q,2,L,40106,95276
Q,2,M,8287,20694
Q,2,N,20166,39445
Q,2,P,68124,167686
Q,2,R,37351,99959
Q,2,S,25071,55253
Q,2,T,24951,57168
Q,2,V,13922,28304
Q,2,W,4687,11796
Q,2,Y,11961,28793
Y,3,A,24572,24579
Y,3,C,4869,5187
Y,3,D,11538,190
Y,3,E,7916,121
Y,3,F,12855,23428
Y,3,G,9583,564
Y,3,H,34286,68210
Y,3,I,11006,5473
Y,3,K,12120,1089
Y,3,L,41550,56805
Y,3,M,9407,9818
Y,3,N,21962,4221
Y,3,P,115397,13682
Y,3,Q,19928,6234
Y,3,R,30444,4311
Y,3,S,38003,18224
Y,3,T,45311,11803
Y,3,V,13326,7033
Y,3,W,5089,9798
K,4,A,22568,27370
K,4,C,4357,5731
K,4,D,10377,10437
K,4,E,8752,9196
K,4,F,13134,17305
K,4,G,14831,14501
K,4,H,11157,14510
K,4,I,23783,39679
K,4,L,31238,71838
K,4,M,16821,27867
K,4,N,23440,28059
K,4,P,72825,4085
K,4,Q,8296,12864
K,4,R,22469,39647
K,4,S,31978,41200
K,4,T,47044,68114
K,4,V,18075,30181
K,4,W,4507,7256
K,4,Y,13209,17632
L,5,A,102479,100175
L,5,C,27859,37553
L,5,D,32890,222
L,5,E,26930,338
L,5,F,16197,14567
L,5,G,47338,18272
L,5,H,92720,29969
L,5,I,15033,5354
L,5,K,23710,568
L,5,M,34946,22256
L,5,N,29983,20241
L,5,P,133938,1649
L,5,Q,61046,21300
L,5,R,96469,1706
L,5,S,96274,71799
L,5,T,94325,95229
L,5,V,43625,54635
L,5,W,13800,1148
L,5,Y,47702,6813
I,6,A,3681,4673
I,6,C,15717,23476
I,6,D,5259,6253
I,6,E,4087,8062
I,6,F,8610,18820
I,6,G,9897,19596
I,6,H,26635,50187
I,6,K,3704,6958
I,6,L,51935,127409
I,6,M,21205,30447
I,6,N,5283,7607
I,6,P,49132,349
I,6,Q,36062,68637
I,6,R,61986,117930
I,6,S,29356,39046
I,6,T,30894,57423
I,6,V,3536,6449
I,6,W,23812,50273
I,6,Y,22409,54649
L,7,A,34404,55458
L,7,C,12449,22293
L,7,D,11778,477
L,7,E,18267,4238
L,7,F,6309,4059
L,7,G,35071,16207
L,7,H,15664,1471
L,7,I,12610,37038
L,7,K,13270,5978
L,7,M,17642,12594
L,7,N,12614,4505
L,7,P,50684,45596
L,7,Q,20595,6443
L,7,R,49573,10097
L,7,S,40306,44544
L,7,T,44897,66023
L,7,V,24444,53108
L,7,W,12875,1310
L,7,Y,10612,2241
N,8,A,41498,73325
N,8,C,10419,19998
N,8,D,11498,18688
N,8,E,20466,33074
N,8,F,7730,21302
N,8,G,27388,43321
N,8,H,11762,26546
N,8,I,7929,12477
N,8,K,14407,32239
N,8,L,39548,65846
N,8,M,11905,15333
N,8,P,38933,1496
N,8,Q,19093,36218
N,8,R,44725,109754
N,8,S,36002,58381
N,8,T,36479,41620
N,8,V,24209,37603
N,8,W,13454,29498
N,8,Y,8536,23340
G,9,A,65857,90820
G,9,C,14763,16172
G,9,D,23794,5463
G,9,E,16766,3278
G,9,F,13660,6108
G,9,H,14290,5115
G,9,I,29687,7088
G,9,K,21971,4655
G,9,L,35873,12146
G,9,M,28714,7328
G,9,N,34727,7288
G,9,P,46102,18963
G,9,Q,10714,2366
G,9,R,38107,16124
G,9,S,59986,42587
G,9,T,83378,44105
G,9,V,39908,10779
G,9,W,10074,4696
G,9,Y,15887,6886
K,10,A,21539,35206
K,10,C,8456,14389
K,10,D,23660,39063
K,10,E,15907,24117
K,10,F,9023,15345
K,10,G,38207,44504
K,10,H,19516,37164
K,10,I,11121,20274
K,10,L,32545,59716
K,10,M,17008,20959
K,10,N,26632,52790
K,10,P,18073,12463
K,10,Q,10356,17632
K,10,R,39021,106293
K,10,S,28845,45028
K,10,T,20743,38733
K,10,V,30739,58818
K,10,W,9949,19051
K,10,Y,16988,30337
T,11,A,21240,12806
T,11,C,16220,11209
T,11,D,18836,10728
T,11,E,21981,11689
T,11,F,17814,11918
T,11,G,51023,24644
T,11,H,29467,19328
T,11,I,13690,8447
T,11,K,7671,5108
T,11,L,52385,32984
T,11,M,13196,5420
T,11,N,11666,8132
T,11,P,62555,19555
T,11,Q,59534,38097
T,11,R,84936,60451
T,11,S,53756,68761
T,11,V,17090,11551
T,11,W,23128,16088
T,11,Y,20849,14953
L,12,A,80686,25231
L,12,C,23994,12420
L,12,D,37546,8641
L,12,E,44908,12601
L,12,F,21145,13767
L,12,G,126077,39005
L,12,H,48068,15096
L,12,I,38122,29613
L,12,K,36433,12378
L,12,M,41835,20147
L,12,N,51115,12577
L,12,P,92976,16826
L,12,Q,40010,14668
L,12,R,133367,45200
L,12,S,88507,27502
L,12,T,77923,30648
L,12,V,61316,35207
L,12,W,33165,9147
L,12,Y,41640,9491
K,13,A,51090,87056
K,13,C,11935,24232
K,13,D,16942,16219
K,13,E,23256,33571
K,13,F,15918,22650
K,13,G,16015,20792
K,13,H,17858,24023
K,13,I,18456,28325
K,13,L,53619,58806
K,13,M,17213,26339
K,13,N,24914,48289
K,13,P,92147,28369
K,13,Q,29766,48077
K,13,R,41546,101318
K,13,S,55067,151624
K,13,T,73085,212720
K,13,V,30084,56440
K,13,W,13803,44516
K,13,Y,16363,17424
G,14,A,59036,22637
G,14,C,15405,5946
G,14,D,19272,4508
G,14,E,24981,10605
G,14,F,18216,3836
G,14,H,28633,10268
G,14,I,15815,5793
G,14,K,15236,3390
G,14,L,73241,17722
G,14,M,19303,2655
G,14,N,18163,6746
G,14,P,107029,15918
G,14,Q,27506,9577
G,14,R,60734,17476
G,14,S,53429,19145
G,14,T,55458,23123
G,14,V,35098,14502
G,14,W,13041,6159
G,14,Y,17488,5065
E,15,A,35374,54806
E,15,C,11999,25648
E,15,D,25843,27352
E,15,F,13347,28524
E,15,G,43958,38387
E,15,H,26373,76960
E,15,I,21230,51279
E,15,K,19141,35533
E,15,L,66676,111516
E,15,M,23308,33648
E,15,N,28746,40639
E,15,P,45923,16911
E,15,Q,21882,51881
E,15,R,51673,127737
E,15,S,45073,119282
E,15,T,37041,94156
E,15,V,41378,106208
E,15,W,13024,32676
E,15,Y,17783,51121
T,16,A,38128,29083
T,16,C,18196,16997
T,16,D,12383,4727
T,16,E,27018,21493
T,16,F,20611,13948
T,16,G,113760,91632
T,16,H,20554,19280
T,16,I,22641,32740
T,16,K,14421,20458
T,16,L,86808,114278
T,16,M,42047,39266
T,16,N,10693,8357
T,16,P,90794,66331
T,16,Q,40611,48881
T,16,R,106367,184675
T,16,S,71248,69455
T,16,V,57504,73376
T,16,W,39584,20763
T,16,Y,15737,10608
T,17,A,49502,105171
T,17,C,12726,24562
T,17,D,23175,17511
T,17,E,26208,32446
T,17,F,19124,36535
T,17,G,77342,250890
T,17,H,29294,67973
T,17,I,21379,26724
T,17,K,17966,31951
T,17,L,45193,66035
T,17,M,16394,26591
T,17,N,24237,32505
T,17,P,46699,28322
T,17,Q,16481,31164
T,17,R,57501,142948
T,17,S,60126,120151
T,17,V,42924,57540
T,17,W,16674,41918
T,17,Y,17209,33102
T,18,A,24941,47753
T,18,C,12780,26146
T,18,D,14900,7125
T,18,E,18261,8260
T,18,F,10364,16480
T,18,G,31188,34862
T,18,H,15556,27435
T,18,I,12371,18372
T,18,K,13299,26175
T,18,L,40817,41499
T,18,M,12954,8022
T,18,N,14761,20680
T,18,P,32959,2273
T,18,Q,17438,20418
T,18,R,40452,84029
T,18,S,43099,70606
T,18,V,28486,56671
T,18,W,11084,18827
T,18,Y,11917,19875
E,19,A,18824,47540
E,19,C,4896,11333
E,19,D,11420,23477
E,19,F,7277,19654
E,19,G,25998,63362
E,19,H,5505,14168
E,19,I,8639,23671
E,19,K,10812,29121
E,19,L,20503,54766
E,19,M,11552,23452
E,19,N,13257,34536
E,19,P,18245,48044
E,19,Q,9046,23201
E,19,R,17346,48488
E,19,S,23583,57158
E,19,T,20505,49629
E,19,V,11313,30847
E,19,W,2977,8035
E,19,Y,5374,14191
A,20,C,24537,37806
A,20,D,20563,9947
A,20,E,15652,10857
A,20,F,16676,7008
A,20,G,44945,71573
A,20,H,42209,43445
A,20,I,19267,11063
A,20,K,15365,43568
A,20,L,77574,53578
A,20,M,24103,22390
A,20,N,26540,36162
A,20,P,51963,27499
A,20,Q,28547,43826
A,20,R,64542,264673
A,20,S,51408,99798
A,20,T,41910,78941
A,20,V,44986,82564
A,20,W,11207,7651
A,20,Y,24835,13413
V,21,A,13650,23326
V,21,C,14099,26854
V,21,D,10031,12945
V,21,E,19264,21930
V,21,F,13024,30576
V,21,G,61067,118204
V,21,H,15286,28460
V,21,I,24563,48919
V,21,K,20400,35012
V,21,L,79943,141666
V,21,M,47124,62252
V,21,N,8333,15994
V,21,P,55694,88295
V,21,Q,33194,55950
V,21,R,65544,175477
V,21,S,46233,79777
V,21,T,56564,93099
V,21,W,30867,77314
V,21,Y,11617,27353
D,22,A,9047,25911
D,22,C,10972,27342
D,22,E,16317,44052
D,22,F,6210,15240
D,22,G,23209,59545
D,22,H,11342,27861
D,22,I,19813,49271
D,22,K,13479,24719
D,22,L,34282,88054
D,22,M,20338,40916
D,22,N,16267,35157
D,22,P,16807,29528
D,22,Q,13803,37575
D,22,R,28638,61579
D,22,S,32697,70745
D,22,T,20286,48870
D,22,V,24190,64599
D,22,W,13688,38811
D,22,Y,9194,22559
A,23,C,18057,10764
A,23,D,11942,8380
A,23,E,17648,8102
A,23,F,21097,302
A,23,G,34128,30318
A,23,H,12892,1590
A,23,I,16994,2500
A,23,K,16460,1807
A,23,L,60733,8751
A,23,M,17224,1063
A,23,N,13924,13401
A,23,P,77434,143942
A,23,Q,15496,2201
A,23,R,47171,4880
A,23,S,56880,84047
A,23,T,36646,21766
A,23,V,39290,17221
A,23,W,19887,201
A,23,Y,13372,157
A,24,C,10754,36229
A,24,D,13144,24369
A,24,E,16991,103524
A,24,F,16392,103489
A,24,G,39536,168270
A,24,H,5846,37594
A,24,I,18686,47237
A,24,K,11269,3056
A,24,L,32451,73148
A,24,M,16651,61844
A,24,N,11510,48609
A,24,P,18147,108794
A,24,Q,7560,36593
A,24,R,24555,20139
A,24,S,34534,124522
A,24,T,26572,111754
A,24,V,53445,150842
A,24,W,9271,68725
A,24,Y,8272,71811
T,25,A,46590,93295
T,25,C,37737,91653
T,25,D,49759,32504
T,25,E,32850,20013
T,25,F,54190,167843
T,25,G,55253,88914
T,25,H,36621,89699
T,25,I,40464,105691
T,25,K,33520,71394
T,25,L,89027,172970
T,25,M,36011,127671
T,25,N,64696,106237
T,25,P,28742,59440
T,25,Q,23603,67274
T,25,R,62651,255882
T,25,S,85249,217570
T,25,V,64589,106108
T,25,W,20589,77262
T,25,Y,64615,129609
A,26,C,40939,52103
A,26,D,16721,171
A,26,E,21980,281
A,26,F,36840,476
A,26,G,55786,111192
A,26,H,36742,414
A,26,I,47218,12166
A,26,K,30044,275
A,26,L,153776,2683
A,26,M,77582,16353
A,26,N,17271,424
A,26,P,110496,44600
A,26,Q,59433,6474
A,26,R,112216,1777
A,26,S,97456,175161
A,26,T,89974,68569
A,26,V,47681,26746
A,26,W,65263,2807
A,26,Y,33011,463
E,27,A,33597,134
E,27,C,25543,227
E,27,D,27258,164
E,27,F,23278,87
E,27,G,62168,332
E,27,H,31349,152
E,27,I,41336,218
E,27,K,17150,73
E,27,L,88198,379
E,27,M,36178,152
E,27,N,28919,142
E,27,P,49182,300
E,27,Q,21151,90
E,27,R,83788,339
E,27,S,70701,295
E,27,T,41217,210
E,27,V,70819,345
E,27,W,17196,71
E,27,Y,25091,126
K,28,A,26191,2268
K,28,C,23792,5594
K,28,D,16711,145
K,28,E,16630,150
K,28,F,14273,3425
K,28,G,31664,2623
K,28,H,17790,3067
K,28,I,8669,4232
K,28,L,42503,14362
K,28,M,15445,3448
K,28,N,20952,1555
K,28,P,35132,4458
K,28,Q,21106,1918
K,28,R,49893,36868
K,28,S,52024,3631
K,28,T,33309,5330
K,28,V,20079,5930
K,28,W,17099,1177
K,28,Y,20806,1597
V,29,A,39812,92273
V,29,C,19851,45232
V,29,D,23564,10442
V,29,E,25354,12525
V,29,F,15440,26765
V,29,G,68382,114448
V,29,H,15935,32754
V,29,I,17523,39268
V,29,K,13073,51292
V,29,L,52829,116555
V,29,M,26006,53730
V,29,N,14142,35376
V,29,P,38418,7455
V,29,Q,10223,23746
V,29,R,33965,158139
V,29,S,54027,118947
V,29,T,46829,102169
V,29,W,11810,15508
V,29,Y,20082,36706
F,30,A,18125,6748
F,30,C,10727,10717
F,30,D,9088,65
F,30,E,12864,105
F,30,G,28882,2388
F,30,H,12045,17363
F,30,I,14663,5071
F,30,K,13030,1544
F,30,L,61921,84159
F,30,M,21611,24474
F,30,N,13478,3499
F,30,P,14188,144
F,30,Q,9211,1261
F,30,R,27385,236
F,30,S,35649,21685
F,30,T,20023,3170
F,30,V,28681,20083
F,30,W,15150,11664
F,30,Y,15979,11560
K,31,A,55355,306
K,31,C,19770,223
K,31,D,22264,107
K,31,E,34179,166
K,31,F,25061,132
K,31,G,89526,447
K,31,H,28017,103
K,31,I,37026,239
K,31,L,59926,627
K,31,M,29810,558
K,31,N,19575,120
K,31,P,37140,233
K,31,Q,19850,122
K,31,R,96271,38897
K,31,S,58473,277
K,31,T,70080,283
K,31,V,58660,287
K,31,W,37743,306
K,31,Y,25248,95
Q,32,A,45737,62296
Q,32,C,25211,35086
Q,32,D,26730,2704
Q,32,E,16067,2097
Q,32,F,13104,5269
Q,32,G,41499,107395
Q,32,H,34805,69113
Q,32,I,23939,16270
Q,32,K,19405,43027
Q,32,L,53796,89371
Q,32,M,17386,24572
Q,32,N,27848,78606
Q,32,P,84178,2721
Q,32,R,68222,161777
Q,32,S,75023,117147
Q,32,T,59318,68119
Q,32,V,37714,27235
Q,32,W,15661,6587
Q,32,Y,23896,8581
Y,33,A,42937,14211
Y,33,C,13618,7227
Y,33,D,12938,450
Y,33,E,27209,2110
Y,33,F,14944,40764
Y,33,G,32478,17473
Y,33,H,27158,17449
Y,33,I,9098,3549
Y,33,K,15792,8926
Y,33,L,52029,59654
Y,33,M,12336,10217
Y,33,N,12552,4067
Y,33,P,121812,1734
Y,33,Q,27382,11808
Y,33,R,55133,28853
Y,33,S,49671,15665
Y,33,T,36843,10498
Y,33,V,30407,9053
Y,33,W,20801,23701
A,34,C,10374,18607
A,34,D,15003,109
A,34,E,22624,158
A,34,F,15606,339
A,34,G,45889,20105
A,34,H,12544,110
A,34,I,18933,1713
A,34,K,14995,92
A,34,L,49709,3575
A,34,M,21124,28072
A,34,N,15857,173
A,34,P,65070,440
A,34,Q,14331,127
A,34,R,38446,770
A,34,S,66756,91257
A,34,T,63560,23065
A,34,V,41506,12859
A,34,W,12172,187
A,34,Y,13350,426
N,35,A,63720,1396
N,35,C,19456,1709
N,35,D,19194,226
N,35,E,23562,279
N,35,F,20382,650
N,35,G,53332,4777
N,35,H,10896,295
N,35,I,17748,977
N,35,K,20037,245
N,35,L,57502,1005
N,35,M,24975,530
N,35,P,25199,132
N,35,Q,17172,241
N,35,R,51659,1222
N,35,S,59069,5017
N,35,T,42623,7111
N,35,V,56124,1001
N,35,W,16332,844
N,35,Y,14304,375
D,36,A,37862,108638
D,36,C,13800,35933
D,36,E,24683,48688
D,36,F,14014,21786
D,36,G,40780,130232
D,36,H,20486,39282
D,36,I,17312,40222
D,36,K,16394,37048
D,36,L,54438,136708
D,36,M,22041,54362
D,36,N,14209,45759
D,36,P,61131,1491
D,36,Q,23100,53835
D,36,R,41259,121420
D,36,S,36216,104810
D,36,T,41883,105626
D,36,V,37504,107749
D,36,W,19650,29800
D,36,Y,17074,30458
N,37,A,10769,4178
N,37,C,6461,6480
N,37,D,5993,659
N,37,E,8814,2283
N,37,F,4969,492
N,37,G,13000,8525
N,37,H,14291,8514
N,37,I,13969,8967
N,37,K,27145,9793
N,37,L,30911,16367
N,37,M,16191,5886
N,37,P,18721,181
N,37,Q,12411,6013
N,37,R,37937,12594
N,37,S,32491,33449
N,37,T,9824,7775
N,37,V,10572,5024
N,37,W,17030,4636
N,37,Y,8329,1424
G,38,A,39224,67579
G,38,C,18699,17573
G,38,D,19563,19070
G,38,E,19515,15234
G,38,F,15474,15153
G,38,H,13944,11076
G,38,I,11316,4050
G,38,K,15497,11369
G,38,L,50251,53855
G,38,M,17289,13778
G,38,N,14985,12910
G,38,P,21785,259
G,38,Q,15375,12082
G,38,R,53827,39352
G,38,S,49899,51247
G,38,T,22571,18387
G,38,V,44184,31440
G,38,W,22393,23946
G,38,Y,11640,12772
V,39,A,50993,4710
V,39,C,29687,10729
V,39,D,27237,263
V,39,E,24644,1203
V,39,F,45582,25645
V,39,G,54685,677
V,39,H,10859,429
V,39,I,41684,89921
V,39,K,13498,406
V,39,L,59997,151290
V,39,M,22038,38487
V,39,N,21962,381
V,39,P,26222,350
V,39,Q,9603,1471
V,39,R,45394,1165
V,39,S,58447,2992
V,39,T,31568,11612
V,39,W,20952,325
V,39,Y,20930,2249
D,40,A,72913,261212
D,40,C,22805,62542
D,40,E,34701,44572
D,40,F,29759,135618
D,40,G,36838,47487
D,40,H,24747,113760
D,40,I,25622,68491
D,40,K,24297,41248
D,40,L,71102,96247
D,40,M,30818,50279
D,40,N,13713,36886
D,40,P,47981,28789
D,40,Q,26309,43722
D,40,R,92738,227667
D,40,S,84297,272107
D,40,T,64079,111421
D,40,V,76641,222704
D,40,W,34963,203511
D,40,Y,23207,134736
G,41,A,40035,7202
G,41,C,27048,2450
G,41,D,28032,249
G,41,E,25625,246
G,41,F,28902,2890
G,41,H,22666,147
G,41,I,19771,101
G,41,K,22532,137
G,41,L,61881,902
G,41,M,34714,679
G,41,N,21696,186
G,41,P,40724,298
G,41,Q,24377,152
G,41,R,85007,552
G,41,S,49820,1032
G,41,T,45043,276
G,41,V,53408,1274
G,41,W,35914,403
G,41,Y,27320,559
E,42,A,41720,110713
E,42,C,34433,91108
E,42,D,28410,58190
E,42,F,11284,31141
E,42,G,48896,132453
E,42,H,79258,179793
E,42,I,215952,707845
E,42,K,31298,88839
E,42,L,107262,396377
E,42,M,118559,355384
E,42,N,43914,117273
E,42,P,78746,93537
E,42,Q,21762,80916
E,42,R,101401,333896
E,42,S,205734,590830
E,42,T,75886,240399
E,42,V,58682,185266
E,42,W,15388,55497
E,42,Y,39163,106077
W,43,A,34051,222
W,43,C,31817,256
W,43,D,16025,93
W,43,E,19799,111
W,43,F,31836,722
W,43,G,28923,234
W,43,H,33953,247
W,43,I,13577,75
W,43,K,23290,106
W,43,L,90390,568
W,43,M,19622,103
W,43,N,20699,101
W,43,P,102078,542
W,43,Q,24945,142
W,43,R,60402,512
W,43,S,71157,404
W,43,T,45303,279
W,43,V,26354,151
W,43,Y,38099,531
T,44,A,54538,137791
T,44,C,23389,38879
T,44,D,43206,51360
T,44,E,36333,61956
T,44,F,46475,82200
T,44,G,61901,149762
T,44,H,27996,54886
T,44,I,98732,98379
T,44,K,31904,68023
T,44,L,90253,157222
T,44,M,47645,96567
T,44,N,68354,97684
T,44,P,45159,733
T,44,Q,18368,45672
T,44,R,52296,110049
T,44,S,104291,210464
T,44,V,95580,80822
T,44,W,18350,40417
T,44,Y,20506,30793
Y,45,A,34745,3261
Y,45,C,19082,6808
Y,45,D,15906,261
Y,45,E,16013,349
Y,45,F,18795,29616
Y,45,G,38347,2409
Y,45,H,12601,5219
Y,45,I,14215,5785
Y,45,K,14572,1205
Y,45,L,62081,47234
Y,45,M,23118,11079
Y,45,N,11795,911
Y,45,P,26630,338
Y,45,Q,9616,423
Y,45,R,47758,3954
Y,45,S,39780,2840
Y,45,T,23175,1611
Y,45,V,51587,12146
Y,45,W,26206,81940
D,46,A,48346,102811
D,46,C,20557,45983
D,46,E,37556,65024
D,46,F,18628,34090
D,46,G,23940,48100
D,46,H,27683,60059
D,46,I,21946,45693
D,46,K,32575,75213
D,46,L,64854,138921
D,46,M,26037,54534
D,46,N,20019,47544
D,46,P,39434,2273
D,46,Q,35722,76767
D,46,R,90713,214058
D,46,S,53436,128674
D,46,T,59465,160767
D,46,V,49576,109810
D,46,W,40239,79467
D,46,Y,21535,36622
D,47,A,7204,21366
D,47,C,13478,32851
D,47,E,12678,24553
D,47,F,6624,20154
D,47,G,51719,141201
D,47,H,26045,98148
D,47,I,77112,191499
D,47,K,36526,135127
D,47,L,67112,176415
D,47,M,39127,94955
D,47,N,32525,93407
D,47,P,19598,64620
D,47,Q,14347,42281
D,47,R,95155,459818
D,47,S,81857,253299
D,47,T,10792,28271
D,47,V,46400,122163
D,47,W,30408,112440
D,47,Y,12387,37249
A,48,C,25328,52729
A,48,D,10830,20547
A,48,E,19124,38164
A,48,F,14034,33455
A,48,G,45860,98142
A,48,H,9313,21925
A,48,I,20022,47453
A,48,K,37423,86560
A,48,L,105890,242246
A,48,M,42758,96305
A,48,N,19408,42082
A,48,P,18594,40783
A,48,Q,12222,27746
A,48,R,70326,162935
A,48,S,56835,124948
A,48,T,33682,75483
A,48,V,41059,95216
A,48,W,41855,94752
A,48,Y,23998,54383
T,49,A,23592,47971
T,49,C,22589,48249
T,49,D,16890,31419
T,49,E,10154,20579
T,49,F,64416,134447
T,49,G,44684,90121
T,49,H,7397,16284
T,49,I,43837,108528
T,49,K,9120,21107
T,49,L,60630,132230
T,49,M,22054,45431
T,49,N,20824,41777
T,49,P,11871,20258
T,49,Q,4755,10031
T,49,R,24029,54393
T,49,S,41183,92486
T,49,V,67111,133195
T,49,W,10081,22640
T,49,Y,20669,45721
K,50,A,20795,41734
K,50,C,16071,26863
K,50,D,7948,13072
K,50,E,10822,18816
K,50,F,21470,28018
K,50,G,44464,120012
K,50,H,7675,15678
K,50,I,13587,19713
K,50,L,45151,69429
K,50,M,17327,23878
K,50,N,11244,18577
K,50,P,7370,4866
K,50,Q,7663,14302
K,50,R,38243,88134
K,50,S,26578,50576
K,50,T,12098,21044
K,50,V,30878,56855
K,50,W,21825,35792
K,50,Y,12759,18361
T,51,A,26978,38976
T,51,C,18668,37878
T,51,D,13315,28365
T,51,E,18309,48531
T,51,F,14899,40786
T,51,G,46770,86314
T,51,H,11831,34308
T,51,I,15310,46622
T,51,K,11778,34328
T,51,L,37478,134802
T,51,M,18098,57337
T,51,N,11582,27958
T,51,P,14245,493
T,51,Q,14867,43071
T,51,R,50483,147093
T,51,S,35977,54557
T,51,V,37307,115951
T,51,W,25156,74824
T,51,Y,15632,44003
F,52,A,23631,718
F,52,C,39559,1525
F,52,D,43358,275
F,52,E,85794,592
F,52,G,130332,1109
F,52,H,42029,1615
F,52,I,37954,3926
F,52,K,89853,605
F,52,L,102269,37343
F,52,M,44034,13994
F,52,N,52808,379
F,52,P,47858,336
F,52,Q,63866,494
F,52,R,179406,1251
F,52,S,98399,1048
F,52,T,62918,784
F,52,V,37470,2101
F,52,W,76426,948
F,52,Y,53880,9805
T,53,A,35249,61175
T,53,C,11727,18709
T,53,D,16704,18240
T,53,E,22498,37446
T,53,F,7020,6562
T,53,G,39615,121803
T,53,H,13525,15852
T,53,I,8221,10792
T,53,K,20005,32942
T,53,L,42622,40972
T,53,M,9002,12462
T,53,N,14090,18607
T,53,P,30936,462
T,53,Q,13143,23217
T,53,R,46367,72498
T,53,S,40744,82571
T,53,V,30573,56318
T,53,W,12247,21316
T,53,Y,11914,12078
V,54,A,25806,52860
V,54,C,8191,17279
V,54,D,8840,416
V,54,E,8258,435
V,54,F,13497,16528
V,54,G,23276,9231
V,54,H,4506,1088
V,54,I,7362,4142
V,54,K,4728,54
V,54,L,42347,24038
V,54,M,6622,5786
V,54,N,6557,2202
V,54,P,10201,115
V,54,Q,4880,905
V,54,R,19127,176
V,54,S,19097,14125
V,54,T,11354,10421
V,54,W,7260,7582
V,54,Y,6720,286
T,55,A,20582,24299
T,55,C,18726,22674
T,55,D,17959,15830
T,55,E,18307,19558
T,55,F,16398,17146
T,55,G,44442,34757
T,55,H,10879,11224
T,55,I,18174,17308
T,55,K,16615,24381
T,55,L,35437,35932
T,55,M,18530,19909
T,55,N,17278,18366
T,55,P,7685,436
T,55,Q,12523,14755
T,55,R,48640,79126
T,55,S,31279,45403
T,55,V,29999,34713
T,55,W,18644,25725
T,55,Y,17203,19707
E,56,A,32602,17262
E,56,C,13643,4884
E,56,D,16629,4912
E,56,F,12085,4330
E,56,G,23114,9238
E,56,H,17551,7403
E,56,I,10718,2529
E,56,K,18397,8191
E,56,L,36684,8700
E,56,M,16210,4810
E,56,N,16311,5976
E,56,P,27785,6802
E,56,Q,19970,14058
E,56,R,45467,20955
E,56,S,42231,26020
E,56,T,29883,21199
E,56,V,29251,12541
E,56,W,17351,9023
E,56,Y,16560,5434