position,WT_aa,A,C,D,E,F,G,H,I,K,L,M,N,P,Q,R,S,T,V,W,Y,*,,,
126,G,-0.490571226,-1.155126815,-2.121217584,-0.763835927,,,,,,,,-0.557593245,,,-1.672589965,-0.470352252,,-2.118319838,-2.145404108,,,,,
127,N,-3.996540722,-5.322163301,-3.427033706,-5.167835154,-4.631491359,-4.003715775,-4.409684339,-4.059789016,-3.233214158,-5.059128895,,,-4.561102031,-2.886064186,-3.775881268,-3.47389065,-4.482297799,-5.456812828,,-4.560859677,-4.871850327,,,
128,I,-1.275039389,-0.304786732,,,-4.181148786,-4.871850327,-2.576208923,,-5.284028172,-0.064084479,-0.286417467,-1.246725005,-4.960489027,,-5.360843769,-3.252833143,-0.274079422,-0.141010466,,-3.605956267,,,,
129,F,-4.383563845,-4.154508127,,,,-4.639903599,-2.427957965,-2.70482848,,-3.375987902,-5.553488847,-3.309563264,,,-4.290454441,-4.024775569,-2.851712681,-4.094379924,-4.461566357,0.056259241,-4.798601345,,,
130,I,-0.47834207,-0.356596798,-4.927884362,,-1.114359374,-3.927884362,-3.811425385,,-3.231560752,0.034612351,-0.109192135,-3.278667144,-3.483099519,,-4.828348688,-2.986830751,-0.537325251,-0.220868688,,-3.553488847,-3.968526346,,,
131,K,-1.575582618,-1.831022822,-5.271089116,-3.317583176,,-1.673070463,-2.208163714,-4.031262102,,-4.185624468,-4.004475337,-2.797074248,-6.07472575,-3.128779327,-0.227607226,-1.602922207,-4.071069423,-4.553488847,-2.653653009,-2.654211435,-4.107384064,,,
132,N,0.041601177,-0.276800865,-0.740517869,-0.767237174,-0.305861488,-0.216884504,-0.117136541,-1.741582557,0.035531697,-0.452826508,-0.408395698,,-0.399638608,-0.199410228,0.129720631,-0.091549965,-0.641877197,-1.156153349,,-0.290774758,-4.58370346,,,
133,L,-1.356596798,-0.76031286,,-4.279728035,-0.113802685,,,0.054294361,-4.12052944,,-0.078851639,,-4.427957965,-3.828348688,-5.42309221,-3.344250921,-1.147608974,-0.054659009,-4.149370568,-3.605956267,-3.986957052,,,
134,H,-0.254666112,-0.034760045,0.090798606,-0.288330447,-0.333340647,-0.168016227,,-0.009368441,-0.339450597,0.045687146,-0.670593732,0.140031528,0.057826647,-0.151012427,-0.269696421,-0.204991295,-0.149562257,0.071900594,,-0.322798668,-3.49109231,,,
135,P,0.038455525,0.018382278,-0.044121787,,0.048417795,-0.354120068,-0.013564071,-0.098540436,,0.067186747,,-0.087579018,,0.206223727,0.056788071,0.034492995,0.083684721,0.15409294,,-0.175730855,,,,
136,D,-0.039686044,-0.022724654,,-0.228584672,0.004921716,-0.297399572,0.122496833,-0.225611486,-0.651759956,0.1471085,,-0.182333682,-2.025892566,-0.177112968,-0.445720322,-0.089469959,-0.352702882,-0.143820696,,-0.082930127,-3.56678567,,,
137,I,-1.366129252,-0.893437682,-4.046528858,,-0.773072418,-5.091383094,-2.094057228,,-3.291641356,-0.320122567,-0.774271186,-2.594624794,-4.094057228,,-4.32760744,-2.28087588,-1.213615853,-0.376403621,,-1.182516327,,,,
138,D,-0.778367947,-0.220065113,,-0.406242842,-1.372068207,-0.437752389,-0.1297597,-0.822448087,-1.180650432,-0.723111145,,-0.097236453,-0.198688503,-0.676381025,-0.914078562,-0.435775219,-0.680159887,-0.932353236,,-1.249157578,-4.12052944,,,
139,N,-0.174255438,-0.502290784,-0.221440355,-1.322867914,-1.623234258,-0.100839533,-0.178401984,-0.711846338,-1.411176077,-0.743675134,-0.278767655,,-0.433429044,-0.215482544,-2.080245844,-0.176926284,-0.224368173,-0.29955787,,-1.080232312,-5.461566357,,,
140,K,-0.535566939,,-2.277007744,-1.659069948,,-0.374103516,-0.29516873,-0.857641122,,-0.549241876,-0.607127415,-0.738438091,-0.383563845,-0.538352698,0.06558084,-0.640226169,-0.855944171,-0.651375392,-0.369433517,-0.697561511,-4.309890005,,,
141,A,,0.595062504,-0.601760421,-1.107929403,-0.859569362,-0.357111719,-0.81334793,-0.504870142,,-0.190134907,,-0.390227576,-1.755181364,,-1.143429842,0.089384295,0.073194045,-0.271230706,,-0.712561514,,,,
142,L,-0.466803006,-0.049663109,,,0.076091633,-4.95510583,,-0.314322094,-3.673070463,,-0.051743419,,-3.535566939,-1.573895058,-4.743459791,-3.424356741,-0.878035812,-0.252931874,-4.30247134,-1.926356892,-4.325972678,,,
143,Y,-0.161171424,-0.45876728,-0.470653566,-1.395245651,0.006352439,-0.896067154,0.005550529,-0.549833508,-0.134297595,-0.181781704,,0.052114847,-3.361537539,-0.302564123,0.016830896,-0.237594037,-1.073608392,-0.756373109,-0.419814372,,-4.345456774,,,
144,D,-0.06571066,-0.05691334,,0.079855326,-0.198486619,-0.190743537,-0.041858246,-0.115791521,-0.036069087,-0.297492895,,-0.037690197,-2.976938586,0.007270086,-0.22913518,0.218077396,0.192060791,-0.042901227,,-0.173193419,-4.152950917,,,
145,T,0.05980778,-0.104103892,-2.167835154,,-0.866646732,-0.496572807,-0.762756146,-0.675794005,-0.782360704,-0.990552653,-0.215722159,-0.84532973,-2.703983347,,-1.184167726,0.099062457,,-0.468325907,,-1.325349232,,,,
146,F,-0.241473052,-0.077765396,-4.020993766,,,-0.336008616,-2.272532533,-0.084660134,,0.055826542,0.053692497,-2.066081656,-2.646598251,,-2.991246423,-0.5461092,-0.47834207,-0.21075644,-0.827170497,-0.535637347,-4.553488847,,,
147,S,-0.208244669,-0.241571951,-0.300532013,,-0.244477122,-0.050580562,-0.121481399,-0.244012493,,0.171419498,,-0.011449993,-3.730187892,,-0.163885809,,0.037632195,-0.195118756,-0.31266822,-0.287221768,-4.152950917,,,
148,V,-0.291926901,,-0.715833885,-0.178780208,-0.423353876,-0.712163099,,0.095864241,-0.725020212,0.079488316,0.027815405,,-0.820854152,-0.563223282,-0.955405424,-0.38963836,-0.208585616,,-0.804360614,,-3.561102031,,,
149,F,-2.683124127,-1.464244214,-5.798601345,,,-4.348798427,-1.358901791,-0.479934735,,-0.365377949,0.038460084,-2.514808379,-4.12052944,,-2.952406681,-3.222126522,-3.561102031,-1.32673656,-0.073108535,-0.844944025,-4.689372275,,,
150,G,-0.696054511,-1.722398674,-3.176992336,-4.246060322,-5.540068331,,-6.065387885,-4.521067369,,-3.576208923,,-2.551508483,-6.605956267,,-4.519641076,-0.606404164,-3.586503904,-4.448169301,-3.692610649,-5.927884362,-2.42309221,,,
151,D,-0.021072787,-0.359112023,,-0.037609484,0.037309798,-0.090332912,-0.107376922,-0.343877509,-0.173205313,-0.379127357,,-0.031312092,-0.471486002,0.223230338,-0.485315647,-0.06818822,-0.331249816,-0.040240591,,-0.149009371,-3.876259139,,,
152,I,-2.584800296,-1.737983915,-5.881553439,,-4.171377416,-3.306644603,-4.969609616,,-5.152731919,-0.75642895,-2.005459432,-4.41802172,-2.878725812,,-4.950500793,-4.462950209,-1.766349809,-0.291584871,,-4.355888122,-1.056101141,,,
153,L,-0.985534131,-1.000146549,,-2.880880697,-0.372090943,-1.190714491,,-1.266002618,-0.621280205,,-0.040709287,,-2.142718342,-0.466220916,-0.310396738,-0.277562598,-0.577292193,-0.963310742,-0.316232405,-0.514357129,-4.178428526,,,
154,S,-1.955129998,-1.305461632,-5.113999525,,-3.82295911,-2.976496001,-5.476569604,-3.296152229,,-3.694201366,,,-4.343683135,,-2.241056261,,-2.31903928,-3.787771293,-3.195613291,-3.887540139,-4.498894151,,,
155,S,-0.345714168,-0.113740613,-1.971158403,-1.363228131,-1.701873621,-0.29164953,-0.828597306,-1.706687364,-3.834382235,-0.440460906,-1.59367449,-0.526492715,-1.40146235,,-2.474385357,,-0.90688536,-0.995133124,-0.608914172,-0.702573279,-3.934675826,,,
156,K,-1.411513721,,-4.764456126,-4.083508333,,-4.245244058,-1.879522136,-0.557579261,,-0.536158056,-1.173494246,-2.290232506,-5.969609616,-1.678283395,-0.56915721,-1.985875765,-1.493877794,-1.161466264,-1.437889136,-2.215014127,-4.307807598,,,
157,I,-0.731142431,0.14352112,-4.780575791,,-1.872775995,-3.994700597,-1.022077036,,-1.53085976,-0.062614957,-0.000442142,-1.787630013,-3.936694993,,-1.001204631,-1.32983273,-0.391898117,-0.077612354,,-3.80545046,,,,
158,A,,0.138593134,-1.037328797,-0.862380965,-2.038354472,-0.296212572,-0.958442814,-0.955479287,,-2.699655796,,-0.387681175,-0.137539675,,-0.496895166,-0.195655234,-0.619526768,-0.069387978,,-4.276270954,,,,
159,T,-0.010636926,0.077455915,-0.228034768,,-0.31684037,-0.081310906,-1.248746219,-0.08090848,-0.970853855,0.002809164,0.286846169,-0.156995162,-0.135715401,,-0.284137204,-0.013288511,,0.052314223,,0.145582531,,,,
160,D,0.036099415,0.065657014,,-0.082182802,-0.032524514,0.034960197,-0.011165785,-0.182720669,-0.052588621,0.013772025,,0.009216866,-1.694715055,-0.133728319,-0.128792686,0.099474065,0.042429634,-0.199385074,,0.013590922,-3.901005802,,,
161,E,0.073633525,,-0.009832079,,,0.04028211,0.046925478,0.049406819,0.070790784,-0.132591716,,0.229524391,-0.070427923,0.048671531,0.082274243,-0.200011754,0.26911407,0.063942858,,0.048148126,-4.149672716,,,
162,N,-0.006411579,-0.104479265,-0.014721293,0.096797758,0.075979424,-0.000217602,0.038151295,-0.108203857,0.042060079,0.032087118,0.150310285,,-0.73342731,-0.073246431,-0.063610819,-0.031353546,-0.018954818,0.012935737,,-0.129427581,-3.578449218,,,
163,G,-0.028117494,-0.302119004,-0.128712023,-0.153338818,,,,-0.013212845,-0.323758624,0.319254915,,,-3.054665386,-0.093969954,0.068534604,-0.140706785,-0.44338094,-0.330265873,-0.367539382,,-4.41765675,,,
164,K,-0.477326249,,-0.173646171,-0.108106357,0.149584584,0.016721872,-0.362972486,-0.084944674,,-0.268161372,0.053886331,-0.061622688,-1.14833423,-0.095348488,-0.073908577,-0.108291193,-0.084983826,-0.322411919,,-0.313708782,-4.19199375,,,
165,S,-0.107896155,-0.612486572,-1.638024173,,-0.215576861,-0.470143335,0.006238352,-1.136719602,,-0.280172392,,0.146214362,-0.13259217,,-0.610320993,,-0.165129197,-0.257496954,-0.933186207,-0.425296035,-4.306644603,,,
166,K,-0.993761648,,-1.576910578,-1.182172507,,-1.340937781,-0.748775763,-1.055898487,,-0.43400841,-0.508682457,-0.982645516,-2.574840714,-0.610568326,0.05656362,-1.086335496,-2.814212515,-0.602629431,-1.619802488,-0.554728667,-4.511654946,,,
167,G,-0.063362782,0.165631414,-1.560439945,-0.234087438,-0.481040308,,0.07756777,-3.330491345,,0.140186979,,0.08567282,-0.356285979,,0.188938117,0.045415463,-0.248166138,-2.455777521,-1.017137986,-0.346500592,-4.53930536,,,
168,F,-2.001790021,-2.077702049,-4.969609616,,,,-0.314506721,-2.105667436,,-3.401008291,-0.587381011,-4.296590938,-6.113999525,,-2.131966072,-2.261211021,-3.142013901,-1.764702128,-2.730452312,-0.20044043,-4.90892658,,,
169,G,0.062483786,-0.620937128,-4.714729342,-4.730338964,,,,,-6.213535199,-5.398142957,-4.000905746,,-4.508278464,-6.458647696,-4.841258019,-1.133495701,-5.51869508,-4.490733781,-4.325957023,,-5.969609616,,,
170,F,-2.605168094,-2.988020949,,,,-6.291537711,-0.652969352,-4.546236257,,-4.343558712,-1.664348927,-1.774149522,,,-5.131073038,-4.013988439,-3.666540548,-4.607765056,-0.42496457,-0.074823759,-3.953007648,,,
171,V,-0.191787759,-0.33139865,-4.936256861,-4.120231479,-3.493873358,-1.332426883,,-0.291544707,,-1.120358916,-1.631169809,-4.113999525,-3.737278957,,,-1.322199417,-0.582648409,,,-5.022851637,,,,
172,H,-1.84879402,-1.9587213,-2.452075042,-3.458647696,-3.357270676,-2.365538292,,-4.181113721,-2.043610197,-1.837684274,,-1.743490603,-5.295837848,-0.448693646,-2.740999186,-2.010113285,-3.923315963,-4.353950318,,-2.942534005,-4.207108929,,,
173,F,-4.70657521,-2.299391093,-5.628572698,,,-6.721682102,-2.681040118,-1.586434643,,-0.435338017,-0.869435723,-5.698962026,-6.147946857,,-4.682511505,-4.694806396,-5.365538292,-2.71006592,-1.677559549,-0.046555278,-4.981244316,,,
174,E,-0.020056257,,-0.131301097,,,-0.015789004,-0.177077339,-0.09584732,0.075464461,-0.204967902,,0.113410971,-0.690431168,0.011085639,-0.208913426,-0.156084926,0.031351861,-0.072371259,,-0.093412181,-4.349847467,,,
175,E,0.007586777,,0.016472738,,,-0.183666178,-0.007986287,-0.120599936,0.055180465,-0.205004341,,-0.020753583,-0.245106193,0.040257603,0.022950138,-0.050729609,-0.30073191,0.03802699,,-0.099802451,-4.29877268,,,
176,E,-0.155295055,,-0.112486154,,-1.252484794,-0.148524188,-0.478827488,-0.259561823,-0.140842788,-0.074745842,,-0.094185293,-0.016398563,-0.189619249,0.004057408,-0.364350406,-0.104647413,-0.046324374,,-0.536452855,-3.657276118,,,
177,G,0.06444977,-0.062419691,0.022053899,-0.050441599,0.171304027,,-0.041240939,0.192393812,,-0.250620445,,-0.071506117,-0.189403308,,-0.05839349,-0.074916466,-0.220359512,0.056581446,-0.130470587,-0.213078195,-2.236264441,,,
178,A,,-0.033483801,-0.010123476,-0.133884203,-0.019455736,-0.072454204,0.086652591,0.175441883,,-0.160175923,,-0.272784555,-0.11272565,-0.324301955,-0.152134269,0.023478523,-0.0248145,0.034905359,,-0.079004895,,,,
179,A,,-0.582533351,-0.763416281,-1.042960147,-0.118449011,-0.06620518,-0.799718616,-1.298537374,,-0.659213866,,-2.160768625,-1.442178679,,-0.622423217,-0.051733693,-0.660984305,-0.679420135,,-0.497740168,,,,
180,K,-0.275799562,,-0.150322839,-0.002503266,,-0.161716808,-0.196099334,-0.047751694,,-0.051752899,-0.086005597,-0.075590636,-0.647942264,0.018024203,0.002689962,-0.118534478,-0.015985207,-0.011199571,0.029002375,-0.150248212,-3.319041429,,,
181,E,-0.204524868,,0.036890648,,-1.249755001,-0.20276672,-0.174966714,-0.375181518,-0.325348792,-0.081471078,,-0.169101949,-0.691833519,-0.150219328,-0.694848904,-0.371180935,-0.09711199,-0.183053005,,-0.133595531,,,,
182,A,,-0.226422497,-3.738207286,-3.499440992,-1.564752929,-0.520414961,-5.379974529,-0.281463861,,-0.370622353,,-4.155187593,-3.448982977,,-3.90456149,-0.124142478,-0.126199697,0.014607803,,-3.66382781,,,,
183,I,-0.187549606,0.03683118,-1.761344316,,-0.384131535,-0.534419814,-0.073693474,,0.011785158,-0.116193214,-0.049308565,-0.479159726,-2.942702129,-0.01010459,-0.097998881,-0.405060266,-0.072474623,0.035080969,,-0.315525697,-1.799312166,,,
184,D,-0.119899715,-0.200585774,,0.089989744,-0.192713341,-0.173061457,-0.161636807,-0.313885339,-0.261986486,0.237306425,,-0.201197307,-0.571193133,0.050065971,0.237243567,-0.160879823,-0.179197517,-0.159511612,,-0.13829916,-3.050850933,,,
185,A,,-0.020604646,-0.280195267,-0.009806747,-0.399192651,-0.289557524,-1.01483171,0.153875951,,-0.211826367,,-0.083682325,-3.681527648,,-0.834105075,-0.089317094,0.040292596,-0.058822147,,-0.394320913,,,,
186,L,-0.632137775,-0.123615068,,-1.348178516,-0.760953959,-1.060766402,,0.130690944,-0.713602039,,-0.530849798,,-2.171866334,-1.281463861,-0.714764775,-0.475797943,-0.407905248,0.059630849,-0.791834723,-0.985262591,-3.380399056,,,
187,N,0.493847698,-0.03770165,-0.055093872,-0.047555853,-0.114015934,-0.060864721,-0.010661014,-0.377309661,0.049358017,-0.046223535,0.2287377,,-1.106318688,0.001424878,0.039018406,0.0559019,0.057356827,-0.302494429,,-0.065113638,-2.461071416,,,
188,G,-0.274015726,-0.303244589,-0.371157706,-0.075303976,-0.799312166,,-0.21128743,-2.944362499,,-0.75576445,,-0.269810364,-2.379176799,,0.355547063,-0.092916941,-0.211901306,-1.504914226,-1.525389444,-0.88802487,-3.323103869,,,
189,M,-0.361503359,,,-0.481541696,-0.197611382,-0.318992229,,-0.115186013,-0.393474091,0.060788981,,-0.320940096,-1.884201063,-0.166882926,-0.520942995,-0.696256649,-0.356768126,-0.088553349,-0.216956161,,-2.829723479,,,
190,L,0.123851209,,,-0.012229639,0.029280346,-0.440656395,-0.137051968,-0.007064136,-0.324773655,,-0.022544201,,-0.067181433,-0.103469444,-0.100763362,-0.336221669,0.19385766,0.031302394,-0.349597435,,-2.919606399,,,
191,L,-0.229351828,0.031126369,,-0.328606844,0.031202762,-0.789890855,-0.777832438,0.208201888,-0.634595455,,0.033256982,,-0.940973315,-0.641228777,-0.276985756,-0.123753062,-0.304571587,0.04286169,-0.628482681,-0.265676246,-3.360821652,,,
192,N,-0.015661504,0.04031156,-0.006344018,0.297727199,-0.355705514,-0.118869356,-0.374489708,-0.093072398,-0.112031046,-0.315140402,-0.506883975,,-2.580400313,-0.01632525,-0.207329237,-0.0468934,0.005533751,0.177967758,-0.859626529,-0.530348749,-3.206970135,,,
193,G,-0.00855283,-0.099702843,0.031580331,-0.35445238,-0.295963431,,0.271077162,-1.156784377,,-0.046006961,,0.019130624,-2.297206597,,-0.003674409,0.067804035,-0.34035755,-0.630931829,-0.631875065,-0.650617842,-2.728922838,,,
194,Q,0.125716558,1.520436631,0.02888701,0.108875756,,0.025964664,0.14594199,-0.088131949,0.068906835,0.095183366,,0.228050557,-1.366425111,,0.173855196,0.206052002,0.095990456,-0.038721711,,0.023409178,-2.151432464,,,
195,E,-0.054335756,,-0.019102666,,-0.445129872,-0.026038026,0.102522892,-0.002325733,0.100975658,-0.11714074,,-0.025115243,-0.166454975,-0.034461582,-0.060253855,0.075702291,0.236101024,-0.089728473,,-0.072908135,-3.465216809,,,
196,I,-0.249645153,-0.277126789,-3.346306816,,-0.297232395,-4.795012028,-2.714125836,,-4.683119148,0.145783054,0.071503115,-3.506473056,-1.893982084,,-3.832088637,-1.843381562,-0.268595016,0.070380612,,-1.696256649,,,,
197,Y,-0.253114013,-0.575689587,-1.954002748,-2.705206769,-0.157238332,-0.93750946,-0.566455409,-0.33897632,-0.477159544,-0.666493634,,-0.932860065,-4.628927048,-0.705310281,-0.286612408,-0.9217816,-0.744864382,-0.500970891,-1.049255913,,-2.834084685,,,
198,V,0.118719051,-0.108374634,-1.674860338,,-2.302269924,-1.54753192,-4.293707457,0.227090987,,0.062061869,-0.267342753,,-3.673781284,,-3.4538156,-0.769337106,-0.333784896,,,,,,,
199,A,,0.216629378,-2.089300665,-1.766397543,-2.188354456,0.137161041,-0.071810551,,,-1.10478974,,,-3.853275666,,,-0.285213573,-0.282350822,-0.205861511,,,,,,
200,P,0.031607867,,-1.561812852,,0.216629378,0.421319798,0.043822061,0.036611909,,-0.014024276,,0.074040315,,0.464352651,0.18135494,0.073573052,0.007549749,-0.03454912,,,,,,