,,Substituting amino acids,,,,,,,,,,,,,,,,,,,,
position,Residue,A,C,D,E,F,G,H,I,K,L,M,N,P,Q,R,S,T,V,W,Y,*
126,G,0.711743232,0.449026715,0.229852843,0.588928368,,,,,,,,0.679434676,,,0.313689694,0.721788343,,0.230314981,0.226031523,,
127,N,0.062650042,0.024995925,0.092973688,0.027818045,0.040344299,0.062339233,0.047049254,0.059962776,0.106342179,0.029995109,,,0.042361514,0.135272062,0.07300397,0.090002529,0.044739787,0.022768565,,0.042368631,0.034152847
128,I,0.413213877,0.809561882,,,0.055125025,0.034152847,0.167680994,,0.025665458,0.956552144,0.819935615,0.421403732,0.032117668,,0.024334657,0.104905837,0.826977841,0.90688375,,0.082129466,
129,F,0.047908855,0.056152415,,,,0.040109739,0.185828287,0.153378856,,0.096322196,0.021292825,0.100860748,,,0.051102779,0.061435844,0.13853163,0.058542172,0.045387337,1.039766256,0.035931642
130,I,0.717802041,0.781004736,0.032851787,,0.461896214,0.065703573,0.071227325,,0.106464123,1.024281564,0.927107068,0.103044032,0.089429863,,0.035198343,0.126146252,0.689047215,0.858048625,,0.085171298,0.063878474
131,K,0.335507607,0.281065285,0.025896679,0.100301621,,0.313585235,0.216409582,0.061160241,,0.054954275,0.062306421,0.143878782,0.014836291,0.114325622,0.854050198,0.329209482,0.059495756,0.042585649,0.158917179,0.158855678,0.058016856
132,N,1.029255513,0.825419333,0.598524468,0.587541567,0.808959012,0.86042151,0.922015851,0.299041464,1.024934487,0.730610044,0.753460769,,0.758048149,0.870906516,1.094081819,0.938513912,0.640878512,0.448707328,,0.817462946,0.041703045
133,L,0.390502368,0.590368291,,0.051484143,0.924148958,,,1.03835111,0.057490626,,0.946810993,,0.046457072,0.070396685,0.023307011,0.098464609,0.451372687,0.962821986,0.056352735,0.082129466,0.063067605
134,H,0.838181095,0.976194112,1.064959529,0.818849121,0.793696502,0.890065722,,0.99352733,0.79034223,1.03217468,0.628248082,1.101929197,1.040896517,0.900618222,0.829494074,0.867543922,0.901523962,1.051100483,,0.799517398,0.088935776
135,P,1.02701377,1.012823145,0.969880033,,1.03413017,0.782346669,0.990642162,0.933977412,,1.047671732,,0.941100683,,1.153664496,1.040147459,1.024196828,1.059721172,1.112721801,,0.885318911,
136,D,0.972866638,0.984371877,,0.853471763,1.003417299,0.813717785,1.088617273,0.855232459,0.636503364,1.107347861,,0.881276303,0.245553184,0.884471175,0.734217638,0.93986799,0.78311556,0.905118948,,0.944138144,0.08438991
137,I,0.387930671,0.538329846,0.060516449,,0.585169946,0.029331952,0.234221071,,0.102121507,0.801001824,0.584683917,0.165554164,0.058555268,,0.049803556,0.205772789,0.431186569,0.770355557,,0.440582371,
138,D,0.58302597,0.858526688,,0.754585957,0.386337009,0.738283904,0.913983673,0.565481571,0.441152562,0.605789658,,0.934821971,0.871342306,0.625732948,0.530682705,0.739296394,0.624096105,0.524002923,,0.420693789,0.057490626
139,N,0.886224774,0.705984892,0.857708691,0.399739512,0.324606938,0.932490199,0.883681273,0.610538282,0.376005045,0.597216059,0.824294826,,0.740499649,0.861258043,0.236474112,0.884585633,0.855969815,0.812501358,,0.472952659,0.022693668
140,K,0.689887517,,0.206325245,0.316643211,,0.771584723,0.814977012,0.55185413,,0.683379144,0.656502579,0.599387918,0.766541685,0.68855667,1.046506186,0.641612356,0.552503623,0.636673053,0.774086387,0.616613546,0.050418954
141,A,,1.510538027,0.658949394,0.463959441,0.551117039,0.780726033,0.56905976,0.704723808,,0.876523753,,0.763009235,0.29623595,,0.452682098,1.063916034,1.052043271,0.828612388,,0.610235699,
142,L,0.723566236,0.966161916,,,1.054158376,0.032237734,,0.8042288,0.078396309,,0.964769752,,0.08623594,0.335900289,0.037331576,0.093146364,0.544107714,0.839189264,0.050678887,0.263092697,0.049860022
143,Y,0.894298633,0.727607702,0.721637609,0.380179949,1.004412883,0.537349573,1.003854744,0.683098956,0.911113319,0.881613546,,1.036783632,0.097291829,0.81081005,1.011734604,0.848158596,0.475129144,0.591982688,0.7475208,,0.049191172
144,D,0.955474543,0.961318671,,1.056912048,0.871464246,0.876154052,0.971402937,0.922875845,0.975308756,0.81366515,,0.974213448,0.127014175,1.005051958,0.853146155,1.163182441,1.142394383,0.970700926,,0.886877396,0.056213057
145,T,1.042326875,0.930382656,0.22254436,,0.548420068,0.708788545,0.589369315,0.625987605,0.581414637,0.503284945,0.86111501,0.556583587,0.153468732,,0.440078341,1.071077191,,0.722802846,,0.399052583,
146,F,0.845881191,0.94752414,0.0615971,,,0.79223008,0.206966255,0.94300666,,1.039454452,1.03791802,0.238807217,0.159696184,,0.125760745,0.684864649,0.717802041,0.864084052,0.563633592,0.689853849,0.042585649
147,S,0.865589756,0.845823207,0.811952923,,0.844121677,0.9655477,0.919243261,0.844393575,,1.126165998,,0.99209488,0.075353175,,0.892617621,,1.026427831,0.87350099,0.805151279,0.819478629,0.056213057
148,V,0.816810377,,0.60885311,0.883449633,0.745689082,0.610404245,,1.06870542,0.604988569,1.056643212,1.019467233,,0.566106678,0.676788387,0.515696649,0.763320922,0.865385219,,0.572615801,,0.084723028
149,F,0.15570378,0.362425353,0.017965821,,,0.049077364,0.389878961,0.717010059,,0.776265487,1.027017015,0.174971472,0.057490626,,0.129192419,0.107162606,0.084723028,0.39866903,0.950587585,0.556732409,0.038757726
150,G,0.61725798,0.30304445,0.110568142,0.052699741,0.021491823,,0.01493263,0.043553505,,0.083840497,,0.170576584,0.010266183,,0.043596584,0.656831779,0.083244346,0.045810772,0.07734165,0.016425893,0.186456086
151,D,0.985499615,0.779644302,,0.974267953,1.026198483,0.939305973,0.928274298,0.787920781,0.886870084,0.768902536,,0.978529947,0.721221344,1.167344463,0.714340762,0.953835101,0.794847604,0.972492756,,0.90186952,0.068097274
152,I,0.166685406,0.299788321,0.016961958,,0.055499654,0.101065002,0.031915264,,0.028110795,0.591959775,0.24905574,0.046778139,0.135961886,,0.032340801,0.045343821,0.29395153,0.817004047,,0.04883678,0.48093001
153,L,0.505038708,0.499949213,,0.135758958,0.772661842,0.438085846,,0.415810295,0.650093798,,0.972176869,,0.226452702,0.723858235,0.806419965,0.824983633,0.67022054,0.512878592,0.803164604,0.700104833,0.055229063
154,S,0.257897555,0.404591627,0.028875715,,0.070660163,0.127053146,0.022458889,0.101802703,,0.07725642,,,0.049251684,,0.2115314,,0.200400876,0.072404778,0.109150202,0.067566871,0.044228062
155,S,0.786918337,0.924188721,0.25504816,0.388711547,0.307386642,0.816967431,0.56307644,0.306362715,0.070102892,0.736899149,0.331326502,0.694240428,0.378545245,,0.179943344,,0.533335269,0.501689579,0.655690014,0.614475213,0.065395001
156,K,0.375917056,,0.036792203,0.058984989,,0.052729566,0.27177372,0.679441262,,0.689604907,0.443346243,0.204442564,0.015957632,0.312454193,0.674010415,0.252459564,0.355056914,0.447057943,0.369106964,0.215384431,0.050491782
157,I,0.602426679,1.10459777,0.036383401,,0.273047529,0.062730001,0.492406928,,0.346071068,0.95752698,0.999693578,0.289647474,0.06530354,,0.499582681,0.397814363,0.762126235,0.947624659,,0.071522925,
158,A,,1.1008311,0.487228761,0.550044038,0.243441246,0.814387559,0.514612065,0.515670247,,0.153929772,,0.764357159,0.909068129,,0.708630189,0.873176233,0.650884395,0.953042213,,0.051607661,
159,T,0.992654158,1.05515571,0.853797138,,0.802826214,0.945198401,0.420813759,0.945462092,0.510204011,1.001949061,1.219970421,0.896891167,0.910218364,,0.821232596,0.990831397,,1.036926922,,1.106177215,
160,D,1.025337891,1.046561443,,0.944627341,0.977707948,1.024528557,0.992290341,0.881039942,0.964204708,1.009591749,,1.006409096,0.308915667,0.911472908,0.914596507,1.071382818,1.029846726,0.870921701,,1.009465022,0.066939157
161,E,1.052363798,,0.993208092,,,1.028314888,1.033061024,1.03483935,1.050292222,0.91219128,,1.172448368,0.952355475,1.034312066,1.058685622,0.87054347,1.205067593,1.045318696,,1.033936888,0.056340934
162,N,0.995565693,0.930140613,0.989847862,1.069397165,1.054076389,0.999849181,1.02679722,0.927742375,1.029582958,1.022490273,1.109808137,,0.601473337,0.95049673,0.956866247,0.97850183,0.986947454,1.009006688,,0.914194103,0.083710406
163,G,0.980699132,0.811060251,0.914647645,0.899167118,,,,0.990883365,0.798985583,1.24768601,,,0.120352216,0.93694096,1.048650991,0.907074665,0.735409164,0.795389889,0.775103363,,0.046789974
164,K,0.718307633,,0.886599116,0.927805075,1.109250023,1.011658151,0.777560865,0.942820692,,0.830377137,1.03805748,0.958185783,0.451145834,0.936046115,0.950060586,0.927686214,0.942795106,0.799731756,,0.804570763,0.054712195
165,S,0.927940267,0.654068404,0.321296201,,0.86120174,0.721892872,1.004333459,0.45479251,,0.82349261,,1.106661773,0.912190993,,0.65505094,,0.891848648,0.836538037,0.523700466,0.74468591,0.050532501
166,K,0.502166729,,0.335198924,0.440687382,,0.394763968,0.595108338,0.480997571,,0.740202334,0.702864036,0.506050927,0.167840093,0.654938649,1.039985649,0.470956104,0.142179708,0.658552595,0.325380007,0.680785084,0.043838585
167,G,0.957030772,1.121656878,0.339047675,0.850222628,0.716460807,,1.055237522,0.099408199,,1.102047936,,1.061182522,0.781173017,,1.139924376,1.031980323,0.841965989,0.18227928,0.494095566,0.786489499,0.043006384
168,F,0.249690005,0.236891436,0.031915264,,,,0.804125887,0.232343721,,0.094666101,0.665550014,0.050885875,0.014437857,,0.228146737,0.208596807,0.113281651,0.294287439,0.15067873,0.870284839,0.033286325
169,G,1.044262046,0.65024841,0.038082465,0.037672642,,,,,0.013475334,0.023713576,0.062460774,,0.043941305,0.011369813,0.034884791,0.455809943,0.02181259,0.04447894,0.049860563,,0.015957632
170,F,0.164348695,0.126042227,,,,0.012766106,0.635970013,0.042800271,,0.049255932,0.315486696,0.292366613,,,0.028536001,0.061896926,0.07875195,0.04101328,0.744857024,0.9494581,0.064569307
171,V,0.875520122,0.794765609,0.032661687,0.057502501,0.088764501,0.397099684,,0.817026792,,0.459979377,0.322826338,0.05775143,0.074983711,,,0.399924781,0.667736862,,,0.030758914,
172,H,0.277624343,0.257256369,0.182747675,0.090958502,0.097580002,0.194044804,,0.055126365,0.242556005,0.279770495,,0.298646226,0.025456222,0.73270601,0.149581205,0.248253629,0.065911958,0.04890242,,0.130079543,0.054141965
173,F,0.038298317,0.203148822,0.020213,,,0.009474844,0.15592886,0.33299337,,0.739520468,0.547360897,0.019250477,0.014102093,,0.038942478,0.038612014,0.024255601,0.152823052,0.312611,0.96824545,0.031658916
174,E,0.986194248,,0.913007681,,,0.989115565,0.884493019,0.93572252,1.053700209,0.867557989,,1.08178288,0.619668626,1.007713577,0.865188608,0.897457219,1.021969302,0.951073498,,0.937303269,0.049041691
175,E,1.005272604,,1.011483466,,,0.880462718,0.994479621,0.919805076,1.038989061,0.867536077,,0.985717686,0.843753688,1.028297419,1.016035026,0.965447953,0.811840428,1.026708753,,0.933160761,0.05080898
176,E,0.897948709,,0.924992675,,0.419724681,0.902172873,0.717560565,0.835341592,0.906989159,0.94950938,,0.936801121,0.988697739,0.876837103,1.00281634,0.77681857,0.93003221,0.968400431,,0.689464008,0.079259292
177,G,1.045686049,0.957656588,1.015404036,0.965640707,1.126075866,,0.971818675,1.142658116,,0.840534857,,0.951644001,0.876968356,,0.960332901,0.94939709,0.858351513,1.039998499,0.91353342,0.862694585,0.212235156
178,A,,0.97705806,0.993007503,0.911374429,0.986604836,0.95101882,1.061903443,1.129310248,,0.894915938,,0.827720415,0.924839134,0.798684735,0.899918172,1.016407216,0.982946977,1.024489614,,0.946710419,
179,A,,0.667790118,0.589099698,0.485330641,0.921177443,0.955147086,0.57446121,0.406538144,,0.63322325,,0.223637089,0.368011134,,0.649578948,0.964776256,0.632446651,0.624416197,,0.708215258,
180,K,0.825992415,,0.901048808,0.998266373,,0.893960624,0.872907487,0.967442824,,0.964763413,0.942127619,0.948953542,0.638189924,1.012571795,1.001866279,0.921122873,0.988981057,0.992267103,1.020306339,0.901095418,0.100200289
181,E,0.867824446,,1.025900382,,0.420519614,0.86888267,0.885787956,0.771008399,0.79810541,0.945093468,,0.889396142,0.619066579,0.901113459,0.617774016,0.773149367,0.934902623,0.880837011,,0.911556806,
182,A,,0.854751825,0.074935477,0.088422603,0.338035594,0.697171277,0.024014099,0.822755767,,0.773448773,,0.056125975,0.091569885,,0.066774381,0.917549262,0.91624181,1.010176792,,0.078900168,
183,I,0.878095887,1.025858095,0.294973179,,0.766240116,0.690436283,0.950202249,,1.008202305,0.922618922,0.96639938,0.717395337,0.130064385,0.993020502,0.934328072,0.755204745,0.95100536,1.024614326,,0.803558133,0.287311538
184,D,0.920251617,0.870197167,,1.064362616,0.874958599,0.886958521,0.894010198,0.804472306,0.833938855,1.178789754,,0.869828385,0.673059926,1.035312265,1.178738395,0.894479409,0.883194126,0.89532811,,0.90858969,0.120670846
185,A,,0.985819453,0.823479553,0.993225532,0.758282508,0.818152949,0.494886053,1.112554455,,0.86344347,,0.943646015,0.077938088,,0.560930885,0.939967582,1.028322362,0.960047607,,0.760847429,
186,L,0.645219625,0.917884755,,0.392787653,0.590106004,0.479377333,,1.094817912,0.609795733,,0.692146915,,0.221923395,0.411377884,0.609304468,0.719068969,0.753716955,1.042199053,0.57760906,0.505133773,0.096028133
187,N,1.408195559,0.974205714,0.962531812,0.96757416,0.924012367,0.958689329,0.992637585,0.769871911,1.034804345,0.96846812,1.171809215,,0.464477724,1.000988138,1.027414547,1.039508749,1.0405576,0.81084922,,0.955870023,0.181611641
188,G,0.827014353,0.810427711,0.773161816,0.949142115,0.574623075,,0.863766081,0.129914782,,0.592232492,,0.829428563,0.192219046,,1.279470658,0.937625076,0.863398621,0.352351137,0.347385768,0.540353386,0.099918535
189,M,0.778353075,,,0.716211855,0.871993096,0.801629647,,0.923263263,0.761294156,1.04303602,,0.80054805,0.270893736,0.890765183,0.696916156,0.617171502,0.780911993,0.940465321,0.860378775,,0.140659268
190,L,1.089639727,,,0.991558888,1.020502945,0.736799305,0.909375494,0.995115482,0.798423642,,0.98449501,,0.954500969,0.930791897,0.932539433,0.792113094,1.143818115,1.021934262,0.784803056,,0.132163307
191,L,0.853018048,1.021809582,,0.796305074,1.02186369,0.578387847,0.583242422,1.155247436,0.644121407,,1.023319734,,0.520881349,0.64116662,0.825313557,0.917796963,0.809682619,1.030155189,0.646856373,0.831808743,0.097340119
192,N,0.989202983,1.028335879,0.995612316,1.229206413,0.781487383,0.920909087,0.771378206,0.937524048,0.925284516,0.803772765,0.703740782,,0.167194545,0.988747982,0.866139172,0.968018551,1.00384307,1.13128918,0.551095202,0.69238734,0.108294349
193,G,0.994089168,0.933225191,1.022131157,0.782166483,0.814528209,,1.206708458,0.448511108,,0.968613516,,1.013348646,0.203456659,,0.997456334,1.048120097,0.789845536,0.645759188,0.645337128,0.637007453,0.150838557
194,Q,1.091049501,2.868778599,1.020224754,1.078387558,,1.018160262,1.106452862,0.940740064,1.048921589,1.068201167,,1.171251225,0.387851124,,1.128068907,1.153527183,1.06879892,0.973517143,,1.016358362,0.225089012
195,E,0.963037742,,0.986846317,,0.734518192,0.982113709,1.073649351,0.998389223,1.072498521,0.922013168,,0.982742093,0.891029452,0.976396087,0.959095343,1.053873928,1.177805262,0.939699592,,0.950719637,0.090545276
196,I,0.841103269,0.825232881,0.098324393,,0.813812083,0.036021148,0.152393594,,0.038926079,1.106330975,1.050810932,0.087992657,0.269063372,,0.07021443,0.278667843,0.830127581,1.049993656,,0.308585751,
197,Y,0.839083323,0.670965463,0.258099142,0.153338644,0.896740007,0.522133468,0.675273848,0.790602093,0.718390639,0.630036085,,0.523818869,0.040416073,0.61331057,0.819824831,0.527856762,0.596723963,0.706631079,0.483217325,,0.140234703
198,V,1.085770394,0.927632561,0.313196428,,0.202743853,0.3420948,0.050987681,1.170472458,,1.043956695,0.830848447,,0.078357692,,0.091263665,0.586686985,0.793452137,,,,
199,A,,1.162015553,0.234994571,0.293941804,0.219401538,1.099738901,0.951443208,,,0.464970232,,,0.069190814,,,0.820620117,0.822250097,0.867020788,,,
200,P,1.022150666,,0.338725181,,1.162015553,1.33915207,1.030841169,1.02570219,,0.990326208,,1.05266057,,1.379698133,1.133948359,1.052319688,1.005246804,0.976336844,,,
,,,,,,,,,,,,,,,,,,,,,,
,,,,,,,,,,,,,,,,,,,,,,
,,,,,,,,,,,,,,,,,,,,,,
,,,,,,,,,,,,,,,,,,,,,,
,,,,,,,,,,,,,,,,,,,,,,
,,,,,,,,,,,,,,,,,,,,,,
,,,,,,,,,,,,,,,,,,,,,,
,,,,,,,,,,,,,,,,,,,,,,
,,,,,,,,,,,,,,,,,,,,,,
,,,,,,,,,,,,,,,,,,,,,,
,,,,,,,,,,,,,,,,,,,,,,
,,,,,,,,,,,,,,,,,,,,,,
,,,,,,,,,,,,,,,,,,,,,,
,,,,,,,,,,,,,,,,,,,,,,
,,,,,,,,,,,,,,,,,,,,,,
,,,,,,,,,,,,,,,,,,,,,,
,,,,,,,,,,,,,,,,,,,,,,
,,,,,,,,,,,,,,,,,,,,,,
,,,,,,,,,,,,,,,,,,,,,,
,,,,,,,,,,,,,,,,,,,,,,
,,,,,,,,,,,,,,,,,,,,,,
,,,,,,,,,,,,,,,,,,,,,,
,,,,,,,,,,,,,,,,,,,,,,
,,,,,,,,,,,,,,,,,,,,,,
,,,,,,,,,,,,,,,,,,,,,,
,,,,,,,,,,,,,,,,,,,,,,
,,,,,,,,,,,,,,,,,,,,,,
,,,,,,,,,,,,,,,,,,,,,,
,,,,,,,,,,,,,,,,,,,,,,
,,,,,,,,,,,,,,,,,,,,,,
,,,,,,,,,,,,,,,,,,,,,,
,,,,,,,,,,,,,,,,,,,,,,
,,,,,,,,,,,,,,,,,,,,,,
,,,,,,,,,,,,,,,,,,,,,,
,,,,,,,,,,,,,,,,,,,,,,
,,,,,,,,,,,,,,,,,,,,,,
,,,,,,,,,,,,,,,,,,,,,,
,,,,,,,,,,,,,,,,,,,,,,
,,,,,,,,,,,,,,,,,,,,,,